Name,Member State,Group,National political group,Score
Alfredo ANTONIOZZI,Italy,EPP,Nuovo Centrodestra (EPP),-1
Jean-Pierre AUDY,France,EPP,Union pour un Mouvement Populaire (EPP),-1
Pilar AYUSO,Spain,EPP,Partido Popular (EPP),-1
Burkhard BALZ,Germany,EPP,Christlich Demokratische Union Deutschlands (EPP),-1
Sergio BERLATO,Italy,EPP,Forza Italia (EPP),-1
Sebastian Valentin BODU,Romania,EPP,Partidul Democrat-Liberal (EPP),-1
Piotr BORYS,Poland,EPP,Platforma Obywatelska (EPP),-1
Arkadiusz Tomasz BRATKOWSKI,Poland,EPP,Polskie Stronnictwo Ludowe (EPP),-1
Jerzy BUZEK,Poland,EPP,Platforma Obywatelska (EPP),-1
Jan BŘEZINA,Czech Republic,EPP,- (EPP),-1
Philip CLAEYS,Belgium,NI,Vlaams Belang (NI),-1
Arnaud DANJEAN,France,EPP,Union pour un Mouvement Populaire (EPP),-1
Michel DANTIN,France,EPP,Union pour un Mouvement Populaire (EPP),-1
Rachida DATI,France,EPP,Union pour un Mouvement Populaire (EPP),-1
Herbert DORFMANN,Italy,EPP,Südtiroler Volkspartei (Partito popolare sudtirolese) (EPP),-1
Frank ENGEL,Luxembourg,EPP,Parti chrétien social luxembourgeois (EPP),-1
Mariya GABRIEL,Bulgaria,EPP,Citizens for European Development of Bulgaria (EPP),-1
Jean-Paul GAUZÈS,France,EPP,Union pour un Mouvement Populaire (EPP),-1
Marietta GIANNAKOU,Greece,EPP,Nea Demokratia (EPP),-1
Robert GOEBBELS,Luxembourg,S&D,Parti ouvrier socialiste luxembourgeois (S&D),-1
Françoise GROSSETÊTE,France,EPP,Union pour un Mouvement Populaire (EPP),-1
Andrzej GRZYB,Poland,EPP,Polskie Stronnictwo Ludowe (EPP),-1
Małgorzata HANDZLIK,Poland,EPP,Platforma Obywatelska (EPP),-1
Jolanta Emilia HIBNER,Poland,EPP,Platforma Obywatelska (EPP),-1
Brice HORTEFEUX,France,EPP,Union pour un Mouvement Populaire (EPP),-1
Peter JAHR,Germany,EPP,Christlich Demokratische Union Deutschlands (EPP),-1
Filip KACZMAREK,Poland,EPP,Platforma Obywatelska (EPP),-1
Jarosław KALINOWSKI,Poland,EPP,Polskie Stronnictwo Ludowe (EPP),-1
Sandra KALNIETE,Latvia,EPP,Vienotība (EPP),-1
Krišjānis KARIŅŠ,Latvia,EPP,Vienotība (EPP),-1
Christa KLASS,Germany,EPP,Christlich Demokratische Union Deutschlands (EPP),-1
Dieter-Lebrecht KOCH,Germany,EPP,Christlich Demokratische Union Deutschlands (EPP),-1
Lena KOLARSKA-BOBIŃSKA,Poland,EPP,Platforma Obywatelska (EPP),-1
Georgios KOUMOUTSAKOS,Greece,EPP,Nea Demokratia (EPP),-1
Andrey KOVATCHEV,Bulgaria,EPP,Citizens for European Development of Bulgaria (EPP),-1
Paweł Robert KOWAL,Poland,ECR,Polska Jest Najważniejsza (ECR),-1
Jan KOZŁOWSKI,Poland,EPP,Platforma Obywatelska (EPP),-1
Werner KUHN,Germany,EPP,Christlich Demokratische Union Deutschlands (EPP),-1
Werner LANGEN,Germany,EPP,Christlich Demokratische Union Deutschlands (EPP),-1
Constance LE GRIP,France,EPP,Union pour un Mouvement Populaire (EPP),-1
Ryszard Antoni LEGUTKO,Poland,ECR,Prawo i Sprawiedliwość (ECR),-1
Klaus-Heiner LEHNE,Germany,EPP,Christlich Demokratische Union Deutschlands (EPP),-1
Krzysztof LISEK,Poland,EPP,Platforma Obywatelska (EPP),-1
Petru Constantin LUHAN,Romania,EPP,Partidul Democrat-Liberal (EPP),-1
Astrid LULLING,Luxembourg,EPP,Parti chrétien social luxembourgeois (EPP),-1
Svetoslav Hristov MALINOV,Bulgaria,EPP,Blue Coalition (EPP),-1
Thomas MANN,Germany,EPP,Christlich Demokratische Union Deutschlands (EPP),-1
Bogdan Kazimierz MARCINKIEWICZ,Poland,EPP,Platforma Obywatelska (EPP),-1
Marian-Jean MARINESCU,Romania,EPP,Partidul Democrat-Liberal (EPP),-1
Véronique MATHIEU HOUILLON,France,EPP,Union pour un Mouvement Populaire (EPP),-1
Iosif MATULA,Romania,EPP,Partidul Democrat-Liberal (EPP),-1
Hans-Peter MAYER,Germany,EPP,Christlich Demokratische Union Deutschlands (EPP),-1
Marek Henryk MIGALSKI,Poland,ECR,Polska Jest Najważniejsza (ECR),-1
Elisabeth MORIN-CHARTIER,France,EPP,Union pour un Mouvement Populaire (EPP),-1
James NICHOLSON,United Kingdom,ECR,Ulster Conservatives and Unionists-New Force (ECR),-1
Rareş-Lucian NICULESCU,Romania,EPP,Partidul Democrat-Liberal (EPP),-1
Sławomir NITRAS,Poland,EPP,Platforma Obywatelska (EPP),-1
Georgios PAPANIKOLAOU,Greece,EPP,Nea Demokratia (EPP),-1
Mirosław PIOTROWSKI,Poland,ECR,Prawo i Sprawiedliwość (ECR),-1
Cristian Dan PREDA,Romania,EPP,- (EPP),-1
Franck PROUST,France,EPP,Union pour un Mouvement Populaire (EPP),-1
Potito SALATTO,Italy,EPP,Il Popolo della Libertà (EPP),-1
Marie-Thérèse SANCHEZ-SCHMID,France,EPP,Union pour un Mouvement Populaire (EPP),-1
Czesław Adam SIEKIERSKI,Poland,EPP,Polskie Stronnictwo Ludowe (EPP),-1
Joanna Katarzyna SKRZYDLEWSKA,Poland,EPP,Platforma Obywatelska (EPP),-1
Theodor Dumitru STOLOJAN,Romania,EPP,Partidul Democrat-Liberal (EPP),-1
Konrad SZYMAŃSKI,Poland,ECR,Prawo i Sprawiedliwość (ECR),-1
Rafał TRZASKOWSKI,Poland,EPP,Platforma Obywatelska (EPP),-1
Vladimir URUTCHEV,Bulgaria,EPP,Citizens for European Development of Bulgaria (EPP),-1
Frank VANHECKE,Belgium,EFD,Onafhankelijk (EFD),-1
Alejo VIDAL-QUADRAS,Spain,EPP,Partido Popular (EPP),-1
Manfred WEBER,Germany,EPP,Christlich-Soziale Union in Bayern e.V. (EPP),-1
Rainer WIELAND,Germany,EPP,Christlich Demokratische Union Deutschlands (EPP),-1
Artur ZASADA,Poland,EPP,Platforma Obywatelska (EPP),-1
Auke ZIJLSTRA,Netherlands,NI,Partij voor de Vrijheid (NI),-1
Tadeusz ZWIEFKA,Poland,EPP,Platforma Obywatelska (EPP),-1
Elżbieta Katarzyna ŁUKACIJEWSKA,Poland,EPP,Platforma Obywatelska (EPP),-1
John Stuart AGNEW,United Kingdom,EFD,United Kingdom Independence Party (EFD),-0.875
Elena Oana ANTONESCU,Romania,EPP,Partidul Democrat-Liberal (EPP),-0.875
Pablo ARIAS ECHEVERRÍA,Spain,EPP,Partido Popular (EPP),-0.875
Raffaele BALDASSARRE,Italy,EPP,Forza Italia (EPP),-0.875
Adam BIELAN,Poland,ECR,Niezależny (ECR),-0.875
Slavi BINEV,Bulgaria,NI,"People for Real, Open and United Democracy / Conservative Party for Democracy and Success (NI)",-0.875
Mara BIZZOTTO,Italy,EFD,Lega Nord (EFD),-0.875
Elmar BROK,Germany,EPP,Christlich Demokratische Union Deutschlands (EPP),-0.875
Alain CADEC,France,EPP,Union pour un Mouvement Populaire (EPP),-0.875
Antonio CANCIAN,Italy,EPP,Nuovo Centrodestra (EPP),-0.875
Pilar del CASTILLO VERA,Spain,EPP,Partido Popular (EPP),-0.875
Derek Roland CLARK,United Kingdom,EFD,United Kingdom Independence Party (EFD),-0.875
María Auxiliadora CORREA ZAMORA,Spain,EPP,Partido Popular (EPP),-0.875
Tadeusz CYMAŃSKI,Poland,EFD,Solidarna Polska (EFD),-0.875
Ryszard CZARNECKI,Poland,ECR,Prawo i Sprawiedliwość (ECR),-0.875
Albert DESS,Germany,EPP,Christlich-Soziale Union in Bayern e.V. (EPP),-0.875
Agustín DÍAZ DE MERA GARCÍA CONSUEGRA,Spain,EPP,Partido Popular (EPP),-0.875
Christian EHLER,Germany,EPP,Christlich Demokratische Union Deutschlands (EPP),-0.875
Rosa ESTARÀS FERRAGUT,Spain,EPP,Partido Popular (EPP),-0.875
Santiago FISAS AYXELA,Spain,EPP,Partido Popular (EPP),-0.875
Carmen FRAGA ESTÉVEZ,Spain,EPP,Partido Popular (EPP),-0.875
Michael GAHLER,Germany,EPP,Christlich Demokratische Union Deutschlands (EPP),-0.875
Marek Józef GRÓBARCZYK,Poland,ECR,Prawo i Sprawiedliwość (ECR),-0.875
Roger HELMER,United Kingdom,EFD,United Kingdom Independence Party (EFD),-0.875
Jim HIGGINS,Ireland,EPP,Fine Gael Party (EPP),-0.875
Danuta Maria HÜBNER,Poland,EPP,Platforma Obywatelska (EPP),-0.875
Elisabeth JEGGLE,Germany,EPP,Christlich Demokratische Union Deutschlands (EPP),-0.875
Teresa JIMÉNEZ-BECERRIL BARRIO,Spain,EPP,Partido Popular (EPP),-0.875
Philippe JUVIN,France,EPP,Union pour un Mouvement Populaire (EPP),-0.875
Jaromír KOHLÍČEK,Czech Republic,GUE-NGL,Komunistická strana Čech a Moravy (GUE-NGL),-0.875
Rodi KRATSA-TSAGAROPOULOU,Greece,EPP,Nea Demokratia (EPP),-0.875
Agnès LE BRUN,France,EPP,Union pour un Mouvement Populaire (EPP),-0.875
Verónica LOPE FONTAGNÉ,Spain,EPP,Partido Popular (EPP),-0.875
Gabriel MATO ADROVER,Spain,EPP,Partido Popular (EPP),-0.875
Jaime MAYOR OREJA,Spain,EPP,Partido Popular (EPP),-0.875
Jiří MAŠTÁLKA,Czech Republic,GUE-NGL,Komunistická strana Čech a Moravy (GUE-NGL),-0.875
Nuno MELO,Portugal,EPP,Partido Popular (EPP),-0.875
Francisco José MILLÁN MON,Spain,EPP,Partido Popular (EPP),-0.875
Nadezhda NEYNSKY,Bulgaria,EPP,Blue Coalition (EPP),-0.875
Tomasz Piotr PORĘBA,Poland,ECR,Prawo i Sprawiedliwość (ECR),-0.875
Konstantinos POUPAKIS,Greece,EPP,Nea Demokratia (EPP),-0.875
Vladimír REMEK,Czech Republic,GUE-NGL,Komunistická strana Čech a Moravy (GUE-NGL),-0.875
Crescenzio RIVELLINI,Italy,EPP,Forza Italia (EPP),-0.875
Jean ROATTA,France,EPP,Union pour un Mouvement Populaire (EPP),-0.875
José Ignacio SALAFRANCA SÁNCHEZ-NEYRA,Spain,EPP,Partido Popular (EPP),-0.875
Jacek SARYUSZ-WOLSKI,Poland,EPP,Platforma Obywatelska (EPP),-0.875
Andreas SCHWAB,Germany,EPP,Christlich Demokratische Union Deutschlands (EPP),-0.875
Bogusław SONIK,Poland,EPP,Platforma Obywatelska (EPP),-0.875
József SZÁJER,Hungary,EPP,Fidesz-Magyar Polgári Szövetség-Keresztény Demokrata Néppárt (EPP),-0.875
Nuno TEIXEIRA,Portugal,EPP,Partido Social Democrata (EPP),-0.875
Valdemar TOMAŠEVSKI,Lithuania,ECR,Lietuvos lenkų rinkimų akcija (ECR),-0.875
Thomas ULMER,Germany,EPP,Christlich Demokratische Union Deutschlands (EPP),-0.875
Traian UNGUREANU,Romania,EPP,Partidul Democrat-Liberal (EPP),-0.875
Inese VAIDERE,Latvia,EPP,Vienotība (EPP),-0.875
Jarosław Leszek WAŁĘSA,Poland,EPP,Platforma Obywatelska (EPP),-0.875
Jacek WŁOSOWICZ,Poland,EFD,Solidarna Polska (EFD),-0.875
Pablo ZALBA BIDEGAIN,Spain,EPP,Partido Popular (EPP),-0.875
Milan ZVER,Slovenia,EPP,Slovenska demokratska stranka (EPP),-0.875
Peter ŠŤASTNÝ,Slovakia,EPP,Slovenská demokratická a kresťanská únia - Demokratická strana (EPP),-0.875
Slavi BINEV,Bulgaria,EFD,"People for Real, Open and United Democracy / Conservative Party for Democracy and Success (EFD)",-0.875
Monika PANAYOTOVA,Bulgaria,EPP,Citizens for European Development of Bulgaria (EPP),-0.875
Marta ANDREASEN,United Kingdom,EFD,- (EFD),-0.75
Laima Liucija ANDRIKIENĖ,Lithuania,EPP,Tėvynės sąjunga - Lietuvos krikščionys demokratai (EPP),-0.75
Roberta ANGELILLI,Italy,EPP,Nuovo Centrodestra (EPP),-0.75
Paolo BARTOLOZZI,Italy,EPP,Forza Italia (EPP),-0.75
Regina BASTOS,Portugal,EPP,Partido Social Democrata (EPP),-0.75
Gerard BATTEN,United Kingdom,EFD,United Kingdom Independence Party (EFD),-0.75
Heinz K. BECKER,Austria,EPP,Österreichische Volkspartei (EPP),-0.75
Ivo BELET,Belgium,EPP,Christen-Democratisch & Vlaams (EPP),-0.75
Philippe BOULLAND,France,EPP,Union pour un Mouvement Populaire (EPP),-0.75
Elena BĂSESCU,Romania,EPP,Partidul Democrat-Liberal (EPP),-0.75
David CASA,Malta,EPP,Partit Nazzjonalista (EPP),-0.75
Carlo CASINI,Italy,EPP,Unione dei Democratici cristiani e dei Democratici di Centro (EPP),-0.75
William (The Earl of) DARTMOUTH,United Kingdom,EFD,United Kingdom Independence Party (EFD),-0.75
Joseph DAUL,France,EPP,Union pour un Mouvement Populaire (EPP),-0.75
Christine DE VEYRAC,France,EPP,Union des Démocrates et Indépendants (EPP),-0.75
Diane DODDS,United Kingdom,NI,Democratic Unionist Party (Northern Ireland) (NI),-0.75
Hynek FAJMON,Czech Republic,ECR,Občanská demokratická strana (ECR),-0.75
Markus FERBER,Germany,EPP,Christlich-Soziale Union in Bayern e.V. (EPP),-0.75
José Manuel FERNANDES,Portugal,EPP,Partido Social Democrata (EPP),-0.75
Ashley FOX,United Kingdom,ECR,Conservative Party (ECR),-0.75
Gaston FRANCO,France,EPP,Union pour un Mouvement Populaire (EPP),-0.75
Marielle GALLO,France,EPP,Union des Démocrates et Indépendants (EPP),-0.75
Elisabetta GARDINI,Italy,EPP,Forza Italia (EPP),-0.75
Salvador GARRIGA POLLEDO,Spain,EPP,Partido Popular (EPP),-0.75
Bruno GOLLNISCH,France,NI,Front national (NI),-0.75
Cristina GUTIÉRREZ-CORTINES,Spain,EPP,Partido Popular (EPP),-0.75
Lucas HARTONG,Netherlands,NI,Partij voor de Vrijheid (NI),-0.75
Monika HOHLMEIER,Germany,EPP,Christlich-Soziale Union in Bayern e.V. (EPP),-0.75
Carlos José ITURGAIZ ANGULO,Spain,EPP,Partido Popular (EPP),-0.75
Laurence J.A.J. STASSEN,Netherlands,NI,Partij voor de Vrijheid (NI),-0.75
Danuta JAZŁOWIECKA,Poland,EPP,Platforma Obywatelska (EPP),-0.75
Romana JORDAN,Slovenia,EPP,Slovenska demokratska stranka (EPP),-0.75
Sidonia Elżbieta JĘDRZEJEWSKA,Poland,EPP,Platforma Obywatelska (EPP),-0.75
Othmar KARAS,Austria,EPP,Österreichische Volkspartei (EPP),-0.75
Tunne KELAM,Estonia,EPP,Erakond Isamaa ja Res Publica Liit (EPP),-0.75
Seán KELLY,Ireland,EPP,Fine Gael Party (EPP),-0.75
Eduard KUKAN,Slovakia,EPP,Slovenská demokratická a kresťanská únia - Demokratická strana (EPP),-0.75
Giovanni LA VIA,Italy,EPP,Nuovo Centrodestra (EPP),-0.75
Alain LAMASSOURE,France,EPP,Union pour un Mouvement Populaire (EPP),-0.75
Barbara MATERA,Italy,EPP,Forza Italia (EPP),-0.75
Zofija MAZEJ KUKOVIČ,Slovenia,EPP,Slovenska demokratska stranka (EPP),-0.75
Erminia MAZZONI,Italy,EPP,Il Popolo della Libertà (EPP),-0.75
Alajos MÉSZÁROS,Slovakia,EPP,Strana mad'arskej komunity- Magyar Közösség Pártja (EPP),-0.75
Andreas MÖLZER,Austria,NI,Freiheitliche Partei Österreichs (NI),-0.75
Juan Andrés NARANJO ESCOBAR,Spain,EPP,Partido Popular (EPP),-0.75
Mike NATTRASS,United Kingdom,NI,An Independence Party (NI),-0.75
Angelika NIEBLER,Germany,EPP,Christlich-Soziale Union in Bayern e.V. (EPP),-0.75
Franz OBERMAYR,Austria,NI,Freiheitliche Partei Österreichs (NI),-0.75
Jan OLBRYCHT,Poland,EPP,Platforma Obywatelska (EPP),-0.75
Miroslav OUZKÝ,Czech Republic,ECR,Občanská demokratická strana (ECR),-0.75
Alfredo PALLONE,Italy,EPP,Nuovo Centrodestra (EPP),-0.75
Aldo PATRICIELLO,Italy,EPP,Forza Italia (EPP),-0.75
Hubert PIRKER,Austria,EPP,Österreichische Volkspartei (EPP),-0.75
Jacek PROTASIEWICZ,Poland,EPP,Platforma Obywatelska (EPP),-0.75
Herbert REUL,Germany,EPP,Christlich Demokratische Union Deutschlands (EPP),-0.75
Zuzana ROITHOVÁ,Czech Republic,EPP,Křesťanská a demokratická unie - Československá strana lidová (EPP),-0.75
Licia RONZULLI,Italy,EPP,Forza Italia (EPP),-0.75
Paul RÜBIG,Austria,EPP,Österreichische Volkspartei (EPP),-0.75
Tokia SAÏFI,France,EPP,Union pour un Mouvement Populaire (EPP),-0.75
Horst SCHNELLHARDT,Germany,EPP,Christlich Demokratische Union Deutschlands (EPP),-0.75
Salvador SEDÓ i ALABART,Spain,EPP,Unió Democràtica de Catalunya (EPP),-0.75
Sergio Paolo Francesco SILVESTRIS,Italy,EPP,Forza Italia (EPP),-0.75
Nicole SINCLAIRE,United Kingdom,NI,We Demand a Referendum (NI),-0.75
Daniël van der STOEP,Netherlands,NI,Artikel 50 (NI),-0.75
Dimitar STOYANOV,Bulgaria,NI,National-Democratic Party (NI),-0.75
Ivo STREJČEK,Czech Republic,ECR,Občanská demokratická strana (ECR),-0.75
Hannu TAKKULA,Finland,ALDE/ADLE,Suomen Keskusta (ALDE/ADLE),-0.75
Charles TANNOCK,United Kingdom,ECR,Conservative Party (ECR),-0.75
Róża Gräfin von THUN UND HOHENSTEIN,Poland,EPP,Platforma Obywatelska (EPP),-0.75
Evžen TOŠENOVSKÝ,Czech Republic,ECR,Občanská demokratická strana (ECR),-0.75
Ioannis A. TSOUKALAS,Greece,EPP,Nea Demokratia (EPP),-0.75
Geoffrey VAN ORDEN,United Kingdom,ECR,Conservative Party (ECR),-0.75
Sabine VERHEYEN,Germany,EPP,Christlich Demokratische Union Deutschlands (EPP),-0.75
Oldřich VLASÁK,Czech Republic,ECR,Občanská demokratická strana (ECR),-0.75
Axel VOSS,Germany,EPP,Christlich Demokratische Union Deutschlands (EPP),-0.75
Hermann WINKLER,Germany,EPP,Christlich Demokratische Union Deutschlands (EPP),-0.75
Janusz WOJCIECHOWSKI,Poland,ECR,Prawo i Sprawiedliwość (ECR),-0.75
Jan ZAHRADIL,Czech Republic,ECR,Občanská demokratická strana (ECR),-0.75
Paweł ZALEWSKI,Poland,EPP,Platforma Obywatelska (EPP),-0.75
Iva ZANICCHI,Italy,EPP,Forza Italia (EPP),-0.75
Joachim ZELLER,Germany,EPP,Christlich Demokratische Union Deutschlands (EPP),-0.75
Zbigniew ZIOBRO,Poland,EFD,Solidarna Polska (EFD),-0.75
Andrea ČEŠKOVÁ,Czech Republic,ECR,Občanská demokratická strana (ECR),-0.75
Kārlis ŠADURSKIS,Latvia,EPP,Vienotība (EPP),-0.75
Marta ANDREASEN,United Kingdom,ECR,- (ECR),-0.75
Nora BERRA,France,EPP,Union pour un Mouvement Populaire (EPP),-0.75
Preslav BORISSOV,Bulgaria,EPP,Citizens for European Development of Bulgaria (EPP),-0.75
Patricia van der KAMMEN,Netherlands,NI,Partij voor de Vrijheid (NI),-0.75
Mike NATTRASS,United Kingdom,EFD,An Independence Party (EFD),-0.75
Andreas PITSILLIDES,Cyprus,EPP,Democratic Rally (EPP),-0.75
Antonello ANTINORO,Italy,EPP,Unione dei Democratici cristiani e dei Democratici di Centro (EPP),-0.625
Johannes Cornelis van BAALEN,Netherlands,ALDE/ADLE,Volkspartij voor Vrijheid en Democratie (ALDE/ADLE),-0.625
Zoltán BAGÓ,Hungary,EPP,Fidesz-Magyar Polgári Szövetség-Keresztény Demokrata Néppárt (EPP),-0.625
Izaskun BILBAO BARANDICA,Spain,ALDE/ADLE,Partido Nacionalista Vasco (ALDE/ADLE),-0.625
Godfrey BLOOM,United Kingdom,EFD,United Kingdom Independence Party (EFD),-0.625
Lajos BOKROS,Hungary,ECR,Modern Magyarország Mozgalom (ECR),-0.625
Vito BONSIGNORE,Italy,EPP,Il Popolo della Libertà (EPP),-0.625
Philip BRADBOURN,United Kingdom,ECR,Conservative Party (ECR),-0.625
John BUFTON,United Kingdom,EFD,United Kingdom Independence Party (EFD),-0.625
Reimer BÖGE,Germany,EPP,Christlich Demokratische Union Deutschlands (EPP),-0.625
Milan CABRNOCH,Czech Republic,ECR,Občanská demokratická strana (ECR),-0.625
Martin CALLANAN,United Kingdom,ECR,Conservative Party (ECR),-0.625
David CAMPBELL BANNERMAN,United Kingdom,ECR,Conservative Party (ECR),-0.625
Maria Da Graça CARVALHO,Portugal,EPP,Partido Social Democrata (EPP),-0.625
Daniel CASPARY,Germany,EPP,Christlich Demokratische Union Deutschlands (EPP),-0.625
Giles CHICHESTER,United Kingdom,ECR,Conservative Party (ECR),-0.625
Trevor COLMAN,United Kingdom,NI,United Kingdom Independence Party (NI),-0.625
James ELLES,United Kingdom,ECR,Conservative Party (ECR),-0.625
Derk Jan EPPINK,Belgium,ECR,Lijst Dedecker (ECR),-0.625
Sari ESSAYAH,Finland,EPP,Suomen kristillisdemokraatit (EPP),-0.625
Diogo FEIO,Portugal,EPP,Partido Popular (EPP),-0.625
Carlo FIDANZA,Italy,EPP,Fratelli d'Italia - Centrodestra Nazionale (EPP),-0.625
Karl-Heinz FLORENZ,Germany,EPP,Christlich Demokratische Union Deutschlands (EPP),-0.625
Lorenzo FONTANA,Italy,EFD,Lega Nord (EFD),-0.625
Jacqueline FOSTER,United Kingdom,ECR,Conservative Party (ECR),-0.625
Giuseppe GARGANI,Italy,EPP,Popolari per l’Europa (EPP),-0.625
Julie GIRLING,United Kingdom,ECR,Conservative Party (ECR),-0.625
Luis de GRANDES PASCUAL,Spain,EPP,Partido Popular (EPP),-0.625
Mathieu GROSCH,Belgium,EPP,Christlich Soziale Partei (EPP),-0.625
Daniel HANNAN,United Kingdom,ECR,Conservative Party (ECR),-0.625
Esther HERRANZ GARCÍA,Spain,EPP,Partido Popular (EPP),-0.625
Salvatore IACOLINO,Italy,EPP,Forza Italia (EPP),-0.625
Michał Tomasz KAMIŃSKI,Poland,ECR,Polska Jest Najważniejsza (ECR),-0.625
Martin KASTLER,Germany,EPP,Christlich-Soziale Union in Bayern e.V. (EPP),-0.625
Eija-Riitta KORHOLA,Finland,EPP,Kansallinen Kokoomus (EPP),-0.625
Edvard KOŽUŠNÍK,Czech Republic,ECR,Občanská demokratická strana (ECR),-0.625
Holger KRAHMER,Germany,ALDE/ADLE,Freie Demokratische Partei (ALDE/ADLE),-0.625
Jacek Olgierd KURSKI,Poland,EFD,Solidarna Polska (EFD),-0.625
Alexander Graf LAMBSDORFF,Germany,ALDE/ADLE,Freie Demokratische Partei (ALDE/ADLE),-0.625
Vytautas LANDSBERGIS,Lithuania,EPP,Tėvynės sąjunga - Lietuvos krikščionys demokratai (EPP),-0.625
Jean-Marie LE PEN,France,NI,Front national (NI),-0.625
Monica Luisa MACOVEI,Romania,EPP,Partidul Democrat-Liberal (EPP),-0.625
Emma McCLARKIN,United Kingdom,ECR,Conservative Party (ECR),-0.625
Mairead McGUINNESS,Ireland,EPP,Fine Gael Party (EPP),-0.625
Anthea McINTYRE,United Kingdom,ECR,Conservative Party (ECR),-0.625
Miroslav MIKOLÁŠIK,Slovakia,EPP,Kresťanskodemokratické hnutie (EPP),-0.625
Claudio MORGANTI,Italy,EFD,Indipendente (EFD),-0.625
Tiziano MOTTI,Italy,EPP,Unione dei Democratici cristiani e dei Democratici di Centro (EPP),-0.625
Eva ORTIZ VILELLA,Spain,EPP,Partido Popular (EPP),-0.625
Maria do Céu PATRÃO NEVES,Portugal,EPP,Partido Social Democrata (EPP),-0.625
Jaroslav PAŠKA,Slovakia,EFD,Slovenská národná strana (EFD),-0.625
Alojz PETERLE,Slovenia,EPP,Nova Slovenija - Krščanska ljudska stranka (EPP),-0.625
Maurice PONGA,France,EPP,Union pour un Mouvement Populaire (EPP),-0.625
Bernd POSSELT,Germany,EPP,Christlich-Soziale Union in Bayern e.V. (EPP),-0.625
Fiorello PROVERA,Italy,EFD,Lega Nord (EFD),-0.625
Hans-Gert PÖTTERING,Germany,EPP,Christlich Demokratische Union Deutschlands (EPP),-0.625
Godelieve QUISTHOUDT-ROWOHL,Germany,EPP,Christlich Demokratische Union Deutschlands (EPP),-0.625
Paulo RANGEL,Portugal,EPP,Partido Social Democrata (EPP),-0.625
Dominique RIQUET,France,EPP,Parti Radical (EPP),-0.625
Oreste ROSSI,Italy,EFD,- (EFD),-0.625
Nikolaos SALAVRAKOS,Greece,EFD,Popular Orthodox Rally - G. Karatzaferis (EFD),-0.625
Matteo SALVINI,Italy,EFD,Lega Nord (EFD),-0.625
Amalia SARTORI,Italy,EPP,Forza Italia (EPP),-0.625
Petri SARVAMAA,Finland,EPP,Kansallinen Kokoomus (EPP),-0.625
Struan STEVENSON,United Kingdom,ECR,Conservative Party (ECR),-0.625
Robert STURDY,United Kingdom,ECR,Conservative Party (ECR),-0.625
Kay SWINBURNE,United Kingdom,ECR,Conservative Party (ECR),-0.625
Csanád SZEGEDI,Hungary,NI,Jobbik Magyarországért Mozgalom (NI),-0.625
Salvatore TATARELLA,Italy,EPP,Futuro e Libertà per l'Italia (EPP),-0.625
Sampo TERHO,Finland,EFD,Perussuomalaiset (EFD),-0.625
Eleni THEOCHAROUS,Cyprus,EPP,Democratic Rally (EPP),-0.625
Niki TZAVELA,Greece,EFD,Popular Orthodox Rally - G. Karatzaferis (EFD),-0.625
Dominique VLASTO,France,EPP,Union pour un Mouvement Populaire (EPP),-0.625
Iuliu WINKLER,Romania,EPP,Uniunea Democrată Maghiară din România (EPP),-0.625
Marina YANNAKOUDAKIS,United Kingdom,ECR,Conservative Party (ECR),-0.625
Anna ZÁBORSKÁ,Slovakia,EPP,Kresťanskodemokratické hnutie (EPP),-0.625
Fabrizio BERTOT,Italy,EPP,Il Popolo della Libertà (EPP),-0.625
Birgit COLLIN-LANGEN,Germany,EPP,Christlich Demokratische Union Deutschlands (EPP),-0.625
Oreste ROSSI,Italy,NI,- (NI),-0.625
Richard ASHWORTH,United Kingdom,ECR,Conservative Party (ECR),-0.5
Sophie AUCONIE,France,EPP,Union des Démocrates et Indépendants (EPP),-0.5
Edit BAUER,Slovakia,EPP,Strana mad'arskej komunity- Magyar Közösség Pártja (EPP),-0.5
Mario BORGHEZIO,Italy,EFD,Lega Nord (EFD),-0.5
Lara COMI,Italy,EPP,Il Popolo della Libertà (EPP),-0.5
Anna Maria CORAZZA BILDT,Sweden,EPP,Moderata Samlingspartiet (EPP),-0.5
Mário DAVID,Portugal,EPP,Partido Social Democrata (EPP),-0.5
Nigel FARAGE,United Kingdom,EFD,United Kingdom Independence Party (EFD),-0.5
Christofer FJELLNER,Sweden,EPP,Moderata Samlingspartiet (EPP),-0.5
Vicky FORD,United Kingdom,ECR,Conservative Party (ECR),-0.5
Ivars GODMANIS,Latvia,ALDE/ADLE,Latvijas Pirmā Partija/Latvijas Ceļš (ALDE/ADLE),-0.5
Ingeborg GRÄSSLE,Germany,EPP,Christlich Demokratische Union Deutschlands (EPP),-0.5
Gunnar HÖKMARK,Sweden,EPP,Moderata Samlingspartiet (EPP),-0.5
Anna IBRISAGIC,Sweden,EPP,Moderata Samlingspartiet (EPP),-0.5
Lívia JÁRÓKA,Hungary,EPP,Fidesz-Magyar Polgári Szövetség-Keresztény Demokrata Néppárt (EPP),-0.5
Syed KAMALL,United Kingdom,ECR,Conservative Party (ECR),-0.5
Sajjad KARIM,United Kingdom,ECR,Conservative Party (ECR),-0.5
Timothy KIRKHOPE,United Kingdom,ECR,Conservative Party (ECR),-0.5
Elisabeth KÖSTINGER,Austria,EPP,Österreichische Volkspartei (EPP),-0.5
Toine MANDERS,Netherlands,ALDE/ADLE,Volkspartij voor Vrijheid en Democratie (ALDE/ADLE),-0.5
Clemente MASTELLA,Italy,EPP,Unione Democratici per l'Europa (EPP),-0.5
Gay MITCHELL,Ireland,EPP,Fine Gael Party (EPP),-0.5
Radvilė MORKŪNAITĖ-MIKULĖNIENĖ,Lithuania,EPP,Tėvynės sąjunga - Lietuvos krikščionys demokratai (EPP),-0.5
Jan MULDER,Netherlands,ALDE/ADLE,Volkspartij voor Vrijheid en Democratie (ALDE/ADLE),-0.5
Cristiana MUSCARDINI,Italy,EPP,Conservatori e Social Riformatori (EPP),-0.5
Paul NUTTALL,United Kingdom,EFD,United Kingdom Independence Party (EFD),-0.5
Doris PACK,Germany,EPP,Christlich Demokratische Union Deutschlands (EPP),-0.5
Georgios PAPASTAMKOS,Greece,EPP,Nea Demokratia (EPP),-0.5
Markus PIEPER,Germany,EPP,Christlich Demokratische Union Deutschlands (EPP),-0.5
Miloslav RANSDORF,Czech Republic,GUE-NGL,Komunistická strana Čech a Moravy (GUE-NGL),-0.5
György SCHÖPFLIN,Hungary,EPP,Fidesz-Magyar Polgári Szövetség-Keresztény Demokrata Néppárt (EPP),-0.5
Marco SCURRIA,Italy,EPP,Fratelli d'Italia - Centrodestra Nazionale (EPP),-0.5
Francesco Enrico SPERONI,Italy,EFD,Lega Nord (EFD),-0.5
Csaba SÓGOR,Romania,EPP,Uniunea Democrată Maghiară din România (EPP),-0.5
Michael THEURER,Germany,ALDE/ADLE,Freie Demokratische Partei (ALDE/ADLE),-0.5
Marianne THYSSEN,Belgium,EPP,Christen-Democratisch & Vlaams (EPP),-0.5
Corien WORTMANN-KOOL,Netherlands,EPP,Christen Democratisch Appèl (EPP),-0.5
Mario BORGHEZIO,Italy,NI,Lega Nord (NI),-0.5
Roberta METSOLA,Malta,EPP,Partit Nazzjonalista (EPP),-0.5
Cristiana MUSCARDINI,Italy,ECR,Conservatori e Social Riformatori (ECR),-0.5
Sir Robert ATKINS,United Kingdom,ECR,Conservative Party (ECR),-0.375
Jorgo CHATZIMARKAKIS,Germany,ALDE/ADLE,Freie Demokratische Partei (ALDE/ADLE),-0.375
Adam GIEREK,Poland,S&D,Unia Pracy (S&D),-0.375
Ildikó GÁLL-PELCZ,Hungary,EPP,Fidesz-Magyar Polgári Szövetség-Keresztény Demokrata Néppárt (EPP),-0.375
Ágnes HANKISS,Hungary,EPP,Fidesz-Magyar Polgári Szövetség-Keresztény Demokrata Néppárt (EPP),-0.375
Anneli JÄÄTTEENMÄKI,Finland,ALDE/ADLE,Suomen Keskusta (ALDE/ADLE),-0.375
Metin KAZAK,Bulgaria,ALDE/ADLE,Movement for Rights and Freedoms (ALDE/ADLE),-0.375
Wolf KLINZ,Germany,ALDE/ADLE,Freie Demokratische Partei (ALDE/ADLE),-0.375
Marine LE PEN,France,NI,Front national (NI),-0.375
Antonio LÓPEZ-ISTÚRIZ WHITE,Spain,EPP,Partido Popular (EPP),-0.375
Gesine MEISSNER,Germany,ALDE/ADLE,Freie Demokratische Partei (ALDE/ADLE),-0.375
Bill NEWTON DUNN,United Kingdom,ALDE/ADLE,Liberal Democrats Party (ALDE/ADLE),-0.375
Vladko Todorov PANAYOTOV,Bulgaria,ALDE/ADLE,Movement for Rights and Freedoms (ALDE/ADLE),-0.375
Britta REIMERS,Germany,ALDE/ADLE,Freie Demokratische Partei (ALDE/ADLE),-0.375
Algirdas SAUDARGAS,Lithuania,EPP,Tėvynės sąjunga - Lietuvos krikščionys demokratai (EPP),-0.375
Giancarlo SCOTTÀ,Italy,EFD,Lega Nord (EFD),-0.375
Richard SEEBER,Austria,EPP,Österreichische Volkspartei (EPP),-0.375
Theodoros SKYLAKAKIS,Greece,ALDE/ADLE,Drassi (ALDE/ADLE),-0.375
Ewald STADLER,Austria,NI,Bündnis Zukunft Österreich (NI),-0.375
László SURJÁN,Hungary,EPP,Fidesz-Magyar Polgári Szövetség-Keresztény Demokrata Néppárt (EPP),-0.375
Alexandra THEIN,Germany,ALDE/ADLE,Freie Demokratische Partei (ALDE/ADLE),-0.375
Gino TREMATERRA,Italy,EPP,Unione dei Democratici cristiani e dei Democratici di Centro (EPP),-0.375
László TŐKÉS,Romania,EPP,Uniunea Democrată Maghiară din România (EPP),-0.375
Philippe de VILLIERS,France,EFD,Mouvement pour la France (EFD),-0.375
Csaba ŐRY,Hungary,EPP,Fidesz-Magyar Polgári Szövetség-Keresztény Demokrata Néppárt (EPP),-0.375
Zdravka BUŠIĆ,Croatia,EPP,Hrvatska demokratska zajednica (EPP),-0.375
Susy DE MARTINI,Italy,ECR,Forza Italia (ECR),-0.375
Ivana MALETIĆ,Croatia,EPP,Hrvatska demokratska zajednica (EPP),-0.375
Andrej PLENKOVIĆ,Croatia,EPP,Hrvatska demokratska zajednica (EPP),-0.375
Davor Ivo STIER,Croatia,EPP,Hrvatska demokratska zajednica (EPP),-0.375
Dubravka ŠUICA,Croatia,EPP,Hrvatska demokratska zajednica (EPP),-0.375
Magdi Cristiano ALLAM,Italy,EFD,"""Io amo l'Italia"" (EFD)",-0.25
Charalampos ANGOURAKIS,Greece,GUE-NGL,Communist Party of Greece (GUE-NGL),-0.25
Georges BACH,Luxembourg,EPP,Parti chrétien social luxembourgeois (EPP),-0.25
Bastiaan BELDER,Netherlands,EFD,Staatkundig Gereformeerde Partij (EFD),-0.25
Wim van de CAMP,Netherlands,EPP,Christen Democratisch Appèl (EPP),-0.25
Jean-Marie CAVADA,France,EPP,Nouveau Centre (EPP),-0.25
Carlos COELHO,Portugal,EPP,Partido Social Democrata (EPP),-0.25
Jürgen CREUTZMANN,Germany,ALDE/ADLE,Freie Demokratische Partei (ALDE/ADLE),-0.25
Luigi Ciriaco DE MITA,Italy,EPP,Unione dei Democratici cristiani e dei Democratici di Centro (EPP),-0.25
Béla GLATTFELDER,Hungary,EPP,Fidesz-Magyar Polgári Szövetség-Keresztény Demokrata Néppárt (EPP),-0.25
András GYÜRK,Hungary,EPP,Fidesz-Magyar Polgári Szövetség-Keresztény Demokrata Néppárt (EPP),-0.25
Kinga GÁL,Hungary,EPP,Fidesz-Magyar Polgári Szövetség-Keresztény Demokrata Néppárt (EPP),-0.25
Malcolm HARBOUR,United Kingdom,ECR,Conservative Party (ECR),-0.25
Filiz Hakaeva HYUSMENOVA,Bulgaria,ALDE/ADLE,Movement for Rights and Freedoms (ALDE/ADLE),-0.25
Stanimir ILCHEV,Bulgaria,ALDE/ADLE,National Movement for Stability and Progress (ALDE/ADLE),-0.25
Juozas IMBRASAS,Lithuania,EFD,Partija Tvarka ir teisingumas (EFD),-0.25
Ivailo KALFIN,Bulgaria,S&D,Coalition for Bulgaria (S&D),-0.25
Béla KOVÁCS,Hungary,NI,Jobbik Magyarországért Mozgalom (NI),-0.25
Esther de LANGE,Netherlands,EPP,Christen Democratisch Appèl (EPP),-0.25
Peter LIESE,Germany,EPP,Christlich Demokratische Union Deutschlands (EPP),-0.25
Mario MAURO,Italy,EPP,Il Popolo della Libertà (EPP),-0.25
Krisztina MORVAI,Hungary,NI,Jobbik Magyarországért Mozgalom (NI),-0.25
Ramona Nicole MĂNESCU,Romania,ALDE/ADLE,Partidul Naţional Liberal (ALDE/ADLE),-0.25
Lambert van NISTELROOIJ,Netherlands,EPP,Christen Democratisch Appèl (EPP),-0.25
Ria OOMEN-RUIJTEN,Netherlands,EPP,Christen Democratisch Appèl (EPP),-0.25
Riikka PAKARINEN,Finland,ALDE/ADLE,Suomen Keskusta (ALDE/ADLE),-0.25
Rolandas PAKSAS,Lithuania,EFD,Partija Tvarka ir teisingumas (EFD),-0.25
Birgit SCHNIEBER-JASTRAM,Germany,EPP,Christlich Demokratische Union Deutschlands (EPP),-0.25
Renate SOMMER,Germany,EPP,Christlich Demokratische Union Deutschlands (EPP),-0.25
Patrice TIROLIEN,France,S&D,Parti socialiste (S&D),-0.25
Ramon TREMOSA i BALCELLS,Spain,ALDE/ADLE,Convergència Democràtica de Catalunya (ALDE/ADLE),-0.25
Corneliu VADIM TUDOR,Romania,NI,Partidul România Mare (NI),-0.25
Adina-Ioana VĂLEAN,Romania,ALDE/ADLE,Partidul Naţional Liberal (ALDE/ADLE),-0.25
Renate WEBER,Romania,ALDE/ADLE,Partidul Naţional Liberal (ALDE/ADLE),-0.25
Anja WEISGERBER,Germany,EPP,Christlich-Soziale Union in Bayern e.V. (EPP),-0.25
Roberts ZĪLE,Latvia,ECR,Tēvzemei un Brīvībai/LNNK (ECR),-0.25
Silvia-Adriana ŢICĂU,Romania,S&D,Partidul Social Democrat (S&D),-0.25
Erik BÁNKI,Hungary,EPP,Fidesz-Magyar Polgári Szövetség-Keresztény Demokrata Néppárt (EPP),-0.25
Dan Dumitru ZAMFIRESCU,Romania,NI,Partidul România Mare (NI),-0.25
Damien ABAD,France,EPP,Nouveau Centre (EPP),-0.125
Gabriele ALBERTINI,Italy,EPP,Il Popolo della Libertà (EPP),-0.125
Bendt BENDTSEN,Denmark,EPP,Det Konservative Folkeparti (EPP),-0.125
Phil BENNION,United Kingdom,ALDE/ADLE,Liberal Democrats Party (ALDE/ADLE),-0.125
Frieda BREPOELS,Belgium,Greens/EFA,Nieuw-Vlaamse Alliantie (Greens/EFA),-0.125
Andrew Henry William BRONS,United Kingdom,NI,British Democratic Party (NI),-0.125
Simon BUSUTTIL,Malta,EPP,Partit Nazzjonalista (EPP),-0.125
Philippe DE BACKER,Belgium,ALDE/ADLE,Open Vlaamse Liberalen en Democraten (ALDE/ADLE),-0.125
Jean-Luc DEHAENE,Belgium,EPP,Christen-Democratisch & Vlaams (EPP),-0.125
Anne DELVAUX,Belgium,EPP,Centre Démocrate Humaniste (EPP),-0.125
Nirj DEVA,United Kingdom,ECR,Conservative Party (ECR),-0.125
Carl HAGLUND,Finland,ALDE/ADLE,Svenska folkpartiet (ALDE/ADLE),-0.125
Iliana IVANOVA,Bulgaria,EPP,Citizens for European Development of Bulgaria (EPP),-0.125
Anne E. JENSEN,Denmark,ALDE/ADLE,"Venstre, Danmarks Liberale Parti (ALDE/ADLE)",-0.125
Ioannis KASOULIDES,Cyprus,EPP,Democratic Rally (EPP),-0.125
Ádám KÓSA,Hungary,EPP,Fidesz-Magyar Polgári Szövetség-Keresztény Demokrata Néppárt (EPP),-0.125
Kurt LECHNER,Germany,EPP,Christlich Demokratische Union Deutschlands (EPP),-0.125
Bogusław LIBERADZKI,Poland,S&D,Sojusz Lewicy Demokratycznej (S&D),-0.125
Morten LØKKEGAARD,Denmark,ALDE/ADLE,"Venstre, Danmarks Liberale Parti (ALDE/ADLE)",-0.125
Barry MADLENER,Netherlands,NI,Partij voor de Vrijheid (NI),-0.125
Morten MESSERSCHMIDT,Denmark,EFD,Dansk Folkeparti (EFD),-0.125
Annemie NEYTS-UYTTEBROECK,Belgium,ALDE/ADLE,Open Vlaamse Liberalen en Democraten (ALDE/ADLE),-0.125
Norica NICOLAI,Romania,ALDE/ADLE,Partidul Naţional Liberal (ALDE/ADLE),-0.125
Martin SCHULZ,Germany,S&D,Sozialdemokratische Partei Deutschlands (S&D),-0.125
Alyn SMITH,United Kingdom,Greens/EFA,Scottish National Party (Greens/EFA),-0.125
Georgios TOUSSAS,Greece,GUE-NGL,Communist Party of Greece (GUE-NGL),-0.125
János ÁDER,Hungary,EPP,Fidesz-Magyar Polgári Szövetség-Keresztény Demokrata Néppárt (EPP),-0.125
Iñaki IRAZABALBEITIA FERNÁNDEZ,Spain,Greens/EFA,Aralar (Greens/EFA),-0.125
Ovidiu Ioan SILAGHI,Romania,ALDE/ADLE,Partidul Naţional Liberal (ALDE/ADLE),-0.125
Justina VITKAUSKAITE BERNARD,Lithuania,ALDE/ADLE,Darbo partija (ALDE/ADLE),-0.125
Alexander ALVARO,Germany,ALDE/ADLE,Freie Demokratische Partei (ALDE/ADLE),0
George BECALI,Romania,NI,Partidul România Mare (NI),0
Bairbre de BRÚN,United Kingdom,GUE-NGL,Sinn Féin (GUE-NGL),0
Cristian Silviu BUŞOI,Romania,ALDE/ADLE,Partidul Naţional Liberal (ALDE/ADLE),0
Harlem DÉSIR,France,S&D,Parti socialiste (S&D),0
Pat the Cope GALLAGHER,Ireland,ALDE/ADLE,Fianna Fáil Party (ALDE/ADLE),0
Lidia Joanna GERINGER de OEDENBERG,Poland,S&D,Sojusz Lewicy Demokratycznej (S&D),0
Jiří HAVEL,Czech Republic,S&D,Česká strana sociálně demokratická (S&D),0
Nadja HIRSCH,Germany,ALDE/ADLE,Freie Demokratische Partei (ALDE/ADLE),0
Silvana KOCH-MEHRIN,Germany,ALDE/ADLE,Freie Demokratische Partei (ALDE/ADLE),0
Sergej KOZLÍK,Slovakia,ALDE/ADLE,Ľudová strana - Hnutie za demokratické Slovensko (ALDE/ADLE),0
Wojciech Michał OLEJNICZAK,Poland,S&D,Sojusz Lewicy Demokratycznej (S&D),0
Vincent PEILLON,France,S&D,Parti socialiste (S&D),0
Vilja SAVISAAR-TOOMAST,Estonia,ALDE/ADLE,Eesti Reformierakond (ALDE/ADLE),0
Joanna SENYSZYN,Poland,S&D,Sojusz Lewicy Demokratycznej (S&D),0
Emil STOYANOV,Bulgaria,EPP,Citizens for European Development of Bulgaria (EPP),0
Alf SVENSSON,Sweden,EPP,Kristdemokraterna (EPP),0
Viktor USPASKICH,Lithuania,ALDE/ADLE,Darbo partija (ALDE/ADLE),0
Ivo VAJGL,Slovenia,ALDE/ADLE,ZARES-Nova Politika (ALDE/ADLE),0
Janusz Władysław ZEMKE,Poland,S&D,Sojusz Lewicy Demokratycznej (S&D),0
Sandra PETROVIĆ JAKOVINA,Croatia,S&D,Socijaldemokratska partija Hrvatske (S&D),0
Ruža TOMAŠIĆ,Croatia,ECR,Hrvatska stranka prave dr. Ante Starčević (ECR),0
Nils TORVALDS,Finland,ALDE/ADLE,Svenska folkpartiet (ALDE/ADLE),0
Kader ARIF,France,S&D,Parti socialiste (S&D),0.125
Liam AYLWARD,Ireland,ALDE/ADLE,Fianna Fáil Party (ALDE/ADLE),0.125
Pascal CANFIN,France,Greens/EFA,Europe Écologie (Greens/EFA),0.125
Rosario CROCETTA,Italy,S&D,Partito Democratico (S&D),0.125
Brian CROWLEY,Ireland,ALDE/ADLE,Fianna Fáil Party (ALDE/ADLE),0.125
Chris DAVIES,United Kingdom,ALDE/ADLE,Liberal Democrats Party (ALDE/ADLE),0.125
Tamás DEUTSCH,Hungary,EPP,Fidesz-Magyar Polgári Szövetség-Keresztény Demokrata Néppárt (EPP),0.125
Robert DUŠEK,Czech Republic,S&D,Česká strana sociálně demokratická (S&D),0.125
João FERREIRA,Portugal,GUE-NGL,Partido Comunista Português (GUE-NGL),0.125
Louis GRECH,Malta,S&D,Partit Laburista (S&D),0.125
Estelle GRELIER,France,S&D,Parti socialiste (S&D),0.125
Nick GRIFFIN,United Kingdom,NI,British National Party (NI),0.125
Ian HUDGHTON,United Kingdom,Greens/EFA,Scottish National Party (Greens/EFA),0.125
Iliana Malinova IOTOVA,Bulgaria,S&D,Coalition for Bulgaria (S&D),0.125
Stéphane LE FOLL,France,S&D,Parti socialiste (S&D),0.125
Kyriakos MAVRONIKOLAS,Cyprus,S&D,Movement for Social Democracy EDEK (S&D),0.125
Louis MICHEL,Belgium,ALDE/ADLE,Mouvement Réformateur (ALDE/ADLE),0.125
Antonyia PARVANOVA,Bulgaria,ALDE/ADLE,National Movement for Stability and Progress (ALDE/ADLE),0.125
Rovana PLUMB,Romania,S&D,Partidul Social Democrat (S&D),0.125
Miguel PORTAS,Portugal,GUE-NGL,Bloco de Esquerda (GUE-NGL),0.125
Frédérique RIES,Belgium,ALDE/ADLE,Mouvement Réformateur (ALDE/ADLE),0.125
Edward SCICLUNA,Malta,S&D,Partit Laburista (S&D),0.125
Debora SERRACCHIANI,Italy,S&D,Partito Democratico (S&D),0.125
Marek SIWIEC,Poland,S&D,- (S&D),0.125
Gianluca SUSTA,Italy,S&D,- (S&D),0.125
Sir Graham WATSON,United Kingdom,ALDE/ADLE,Liberal Democrats Party (ALDE/ADLE),0.125
Gabriele ZIMMER,Germany,GUE-NGL,DIE LINKE. (GUE-NGL),0.125
Jean Louis COTTIGNY,France,S&D,Parti socialiste (S&D),0.125
Eduard-Raul HELLVIG,Romania,ALDE/ADLE,Partidul Naţional Liberal (ALDE/ADLE),0.125
Martina MICHELS,Germany,GUE-NGL,DIE LINKE. (GUE-NGL),0.125
Oleg VALJALO,Croatia,S&D,Socijaldemokratska partija Hrvatske (S&D),0.125
Nikola VULJANIĆ,Croatia,GUE-NGL,Hrvatski laburisti - stranka rada (GUE-NGL),0.125
John ATTARD-MONTALTO,Malta,S&D,Partit Laburista (S&D),0.25
Lothar BISKY,Germany,GUE-NGL,DIE LINKE. (GUE-NGL),0.25
Nathalie GRIESBECK,France,ALDE/ADLE,Mouvement Démocrate (ALDE/ADLE),0.25
Sylvie GUILLAUME,France,S&D,Parti socialiste (S&D),0.25
Jacky HÉNIN,France,GUE-NGL,Front de gauche pour changer d’Europe (GUE-NGL),0.25
Jelko KACIN,Slovenia,ALDE/ADLE,Liberalna Demokracija Slovenije (ALDE/ADLE),0.25
Patrick LE HYARIC,France,GUE-NGL,Front de gauche pour changer d’Europe (GUE-NGL),0.25
Antonio MASIP HIDALGO,Spain,S&D,Partido Socialista Obrero Español (S&D),0.25
Ana MIRANDA,Spain,Greens/EFA,Bloque Nacionalista Galego (Greens/EFA),0.25
Jean-Luc MÉLENCHON,France,GUE-NGL,Front de gauche pour changer d’Europe (GUE-NGL),0.25
Siiri OVIIR,Estonia,ALDE/ADLE,Sõltumatu (ALDE/ADLE),0.25
Gianni PITTELLA,Italy,S&D,Partito Democratico (S&D),0.25
Anna ROSBACH,Denmark,ECR,Løsgænger (ECR),0.25
Alfreds RUBIKS,Latvia,GUE-NGL,"Politisko partiju apvienība ""Saskaņas centrs"" (GUE-NGL)",0.25
Kyriacos TRIANTAPHYLLIDES,Cyprus,GUE-NGL,Progressive Party of Working People - Left - New Forces (GUE-NGL),0.25
Gianni VATTIMO,Italy,ALDE/ADLE,Italia dei Valori - Lista Di Pietro (Indipendente) (ALDE/ADLE),0.25
Martina ANDERSON,United Kingdom,GUE-NGL,Sinn Féin (GUE-NGL),0.25
Eric ANDRIEU,France,S&D,Parti socialiste (S&D),0.25
Marino BALDINI,Croatia,S&D,Socijaldemokratska partija Hrvatske (S&D),0.25
Francesca BARRACCIU,Italy,S&D,Partito Democratico (S&D),0.25
Biljana BORZAN,Croatia,S&D,Socijaldemokratska partija Hrvatske (S&D),0.25
Mark DEMESMAEKER,Belgium,Greens/EFA,Nieuw-Vlaamse Alliantie (Greens/EFA),0.25
Marusya LYUBCHEVA,Bulgaria,S&D,Coalition for Bulgaria (S&D),0.25
Marlene MIZZI,Malta,S&D,Partit Laburista (S&D),0.25
Tonino PICULA,Croatia,S&D,Socijaldemokratska partija Hrvatske (S&D),0.25
Francesca BALZANI,Italy,S&D,Partito Democratico (S&D),0.375
Pervenche BERÈS,France,S&D,Parti socialiste (S&D),0.375
Françoise CASTEX,France,S&D,Parti socialiste (S&D),0.375
Alejandro CERCAS,Spain,S&D,Partido Socialista Obrero Español (S&D),0.375
Silvia COSTA,Italy,S&D,Partito Democratico (S&D),0.375
Frédéric DAERDEN,Belgium,S&D,Parti Socialiste (S&D),0.375
Peter van DALEN,Netherlands,ECR,ChristenUnie (ECR),0.375
Paolo DE CASTRO,Italy,S&D,Partito Democratico (S&D),0.375
Ioan ENCIU,Romania,S&D,Partidul Social Democrat (S&D),0.375
Norbert GLANTE,Germany,S&D,Sozialdemokratische Partei Deutschlands (S&D),0.375
Charles GOERENS,Luxembourg,ALDE/ADLE,Parti démocratique (ALDE/ADLE),0.375
Zita GURMAI,Hungary,S&D,Magyar Szocialista Párt (S&D),0.375
Takis HADJIGEORGIOU,Cyprus,GUE-NGL,Progressive Party of Working People - Left - New Forces (GUE-NGL),0.375
Liem HOANG NGOC,France,S&D,Parti socialiste (S&D),0.375
Thomas HÄNDEL,Germany,GUE-NGL,DIE LINKE. (GUE-NGL),0.375
Evgeni KIRILOV,Bulgaria,S&D,Coalition for Bulgaria (S&D),0.375
Jörg LEICHTFRIED,Austria,S&D,Sozialdemokratische Partei Österreichs (S&D),0.375
Baroness Sarah LUDFORD,United Kingdom,ALDE/ADLE,Liberal Democrats Party (ALDE/ADLE),0.375
George LYON,United Kingdom,ALDE/ADLE,Liberal Democrats Party (ALDE/ADLE),0.375
Willy MEYER,Spain,GUE-NGL,Izquierda Unida (GUE-NGL),0.375
María MUÑIZ DE URQUIZA,Spain,S&D,Partido Socialista Obrero Español (S&D),0.375
Kristiina OJULAND,Estonia,ALDE/ADLE,Sõltumatu (ALDE/ADLE),0.375
Gilles PARGNEAUX,France,S&D,Parti socialiste (S&D),0.375
Ioan Mircea PAŞCU,Romania,S&D,Partidul Social Democrat (S&D),0.375
Mario PIRILLO,Italy,S&D,Partito Democratico (S&D),0.375
Niccolò RINALDI,Italy,ALDE/ADLE,Italia dei Valori - Lista Di Pietro (ALDE/ADLE),0.375
Jens ROHDE,Denmark,ALDE/ADLE,"Venstre, Danmarks Liberale Parti (ALDE/ADLE)",0.375
Hannes SWOBODA,Austria,S&D,Sozialdemokratische Partei Österreichs (S&D),0.375
Catherine TRAUTMANN,France,S&D,Parti socialiste (S&D),0.375
Marie-Christine VERGIAT,France,GUE-NGL,Front de gauche pour changer d’Europe (GUE-NGL),0.375
Bernadette VERGNAUD,France,S&D,Parti socialiste (S&D),0.375
Kristian VIGENIN,Bulgaria,S&D,Coalition for Bulgaria (S&D),0.375
Åsa WESTLUND,Sweden,S&D,Arbetarepartiet- Socialdemokraterna (S&D),0.375
Inês Cristina ZUBER,Portugal,GUE-NGL,Partido Comunista Português (GUE-NGL),0.375
Claudette ABELA BALDACCHINO,Malta,S&D,Partit Laburista (S&D),0.375
Franco FRIGO,Italy,S&D,Partito Democratico (S&D),0.375
Alda SOUSA,Portugal,GUE-NGL,Bloco de Esquerda (GUE-NGL),0.375
Isabelle THOMAS,France,S&D,Parti socialiste (S&D),0.375
Sonia ALFANO,Italy,ALDE/ADLE,Italia dei Valori - Lista Di Pietro (ALDE/ADLE),0.5
François ALFONSI,France,Greens/EFA,Partitu di a Nazione Corsa (Greens/EFA),0.5
Rita BORSELLINO,Italy,S&D,Partito Democratico (S&D),0.5
Nikolaos CHOUNTIS,Greece,GUE-NGL,Coalition of the Radical Left (GUE-NGL),0.5
António Fernando CORREIA DE CAMPOS,Portugal,S&D,Parti socialiste (S&D),0.5
Leonidas DONSKIS,Lithuania,ALDE/ADLE,Lietuvos Respublikos liberalų sąjūdis (ALDE/ADLE),0.5
Dimitrios DROUTSAS,Greece,S&D,Panhellenic Socialist Movement (S&D),0.5
Cornelia ERNST,Germany,GUE-NGL,DIE LINKE. (GUE-NGL),0.5
Monika FLAŠÍKOVÁ BEŇOVÁ,Slovakia,S&D,SMER-Sociálna demokracia (S&D),0.5
Eider GARDIAZÁBAL RUBIAL,Spain,S&D,Partido Socialista Obrero Español (S&D),0.5
Marian HARKIN,Ireland,ALDE/ADLE,- (ALDE/ADLE),0.5
Edit HERCZOG,Hungary,S&D,Magyar Szocialista Párt (S&D),0.5
Marisa MATIAS,Portugal,GUE-NGL,Bloco de Esquerda (GUE-NGL),0.5
Vladimír MAŇKA,Slovakia,S&D,SMER-Sociálna demokracia (S&D),0.5
Guido MILANA,Italy,S&D,Partito Democratico (S&D),0.5
Chrysoula PALIADELI,Greece,S&D,Panhellenic Socialist Movement (S&D),0.5
Sylvana RAPTI,Greece,S&D,Panhellenic Socialist Movement (S&D),0.5
Evelyn REGNER,Austria,S&D,Sozialdemokratische Partei Österreichs (S&D),0.5
Carmen ROMERO LÓPEZ,Spain,S&D,Partido Socialista Obrero Español (S&D),0.5
Michèle STRIFFLER,France,EPP,Parti Radical / Union des Démocrates et Indépendants (EPP),0.5
Antolín SÁNCHEZ PRESEDO,Spain,S&D,Partido Socialista Obrero Español (S&D),0.5
Csaba Sándor TABAJDI,Hungary,S&D,Magyar Szocialista Párt (S&D),0.5
Patrizia TOIA,Italy,S&D,Partito Democratico (S&D),0.5
Claudiu Ciprian TĂNĂSESCU,Romania,S&D,Partidul Social Democrat (S&D),0.5
Giommaria UGGIAS,Italy,ALDE/ADLE,Italia dei Valori - Lista Di Pietro (ALDE/ADLE),0.5
Guy VERHOFSTADT,Belgium,ALDE/ADLE,Open Vlaamse Liberalen en Democraten (ALDE/ADLE),0.5
Henri WEBER,France,S&D,Parti socialiste (S&D),0.5
Josef WEIDENHOLZER,Austria,S&D,Sozialdemokratische Partei Österreichs (S&D),0.5
Tatjana ŽDANOKA,Latvia,Greens/EFA,Par cilvēka tiesībām vienotā Latvijā (Greens/EFA),0.5
Franco BONANINI,Italy,NI,Indipendente (NI),0.5
Luís Paulo ALVES,Portugal,S&D,Partido Socialista (S&D),0.625
Amelia ANDERSDOTTER,Sweden,Greens/EFA,Piratpartiet (Greens/EFA),0.625
Inés AYALA SENDER,Spain,S&D,Partido Socialista Obrero Español (S&D),0.625
Jean-Paul BESSET,France,Greens/EFA,Europe Écologie (Greens/EFA),0.625
Franziska Katharina BRANTNER,Germany,Greens/EFA,Bündnis 90/Die Grünen (Greens/EFA),0.625
Ricardo CORTÉS LASTRA,Spain,S&D,Partido Socialista Obrero Español (S&D),0.625
George Sabin CUTAŞ,Romania,S&D,Partidul Social Democrat + Partidul Conservator (S&D),0.625
Andrew DUFF,United Kingdom,ALDE/ADLE,Liberal Democrats Party (ALDE/ADLE),0.625
Vasilica Viorica DĂNCILĂ,Romania,S&D,Partidul Social Democrat (S&D),0.625
Edite ESTRELA,Portugal,S&D,Partido Socialista (S&D),0.625
Jill EVANS,United Kingdom,Greens/EFA,Plaid Cymru - Party of Wales (Greens/EFA),0.625
Göran FÄRM,Sweden,S&D,Arbetarepartiet- Socialdemokraterna (S&D),0.625
Iratxe GARCÍA PÉREZ,Spain,S&D,Partido Socialista Obrero Español (S&D),0.625
Dolores GARCÍA-HIERRO CARABALLO,Spain,S&D,Partido Socialista Obrero Español (S&D),0.625
Evelyne GEBHARDT,Germany,S&D,Sozialdemokratische Partei Deutschlands (S&D),0.625
Gerben-Jan GERBRANDY,Netherlands,ALDE/ADLE,Democraten 66 (ALDE/ADLE),0.625
Sylvie GOULARD,France,ALDE/ADLE,Mouvement Démocrate (ALDE/ADLE),0.625
Sergio GUTIÉRREZ PRIETO,Spain,S&D,Partido Socialista Obrero Español (S&D),0.625
Kinga GÖNCZ,Hungary,S&D,Magyar Szocialista Párt (S&D),0.625
Fiona HALL,United Kingdom,ALDE/ADLE,Liberal Democrats Party (ALDE/ADLE),0.625
Vincenzo IOVINE,Italy,ALDE/ADLE,Partito Democratico (ALDE/ADLE),0.625
Cătălin Sorin IVAN,Romania,S&D,Partidul Social Democrat (S&D),0.625
Kent JOHANSSON,Sweden,ALDE/ADLE,Centerpartiet (ALDE/ADLE),0.625
Karin KADENBACH,Austria,S&D,Sozialdemokratische Partei Österreichs (S&D),0.625
Jürgen KLUTE,Germany,GUE-NGL,DIE LINKE. (GUE-NGL),0.625
Maria Eleni KOPPA,Greece,S&D,Panhellenic Socialist Movement (S&D),0.625
Bernd LANGE,Germany,S&D,Sozialdemokratische Partei Deutschlands (S&D),0.625
Olle LUDVIGSSON,Sweden,S&D,Arbetarepartiet- Socialdemokraterna (S&D),0.625
Emilio MENÉNDEZ del VALLE,Spain,S&D,Partido Socialista Obrero Español (S&D),0.625
Alexander MIRSKY,Latvia,S&D,"Politiskā Partija ""Alternative"" (S&D)",0.625
Katarína NEVEĎALOVÁ,Slovakia,S&D,SMER-Sociálna demokracia (S&D),0.625
Jens NILSSON,Sweden,S&D,Arbetarepartiet- Socialdemokraterna (S&D),0.625
Younous OMARJEE,France,GUE-NGL,"Liste ""Alliance des Outre-Mers"" (GUE-NGL)",0.625
Sirpa PIETIKÄINEN,Finland,EPP,Kansallinen Kokoomus (EPP),0.625
Anni PODIMATA,Greece,S&D,Panhellenic Socialist Movement (S&D),0.625
Phil PRENDERGAST,Ireland,S&D,Labour Party (S&D),0.625
Vittorio PRODI,Italy,S&D,Partito Democratico (S&D),0.625
Teresa RIERA MADURELL,Spain,S&D,Partido Socialista Obrero Español (S&D),0.625
Dagmar ROTH-BEHRENDT,Germany,S&D,Sozialdemokratische Partei Deutschlands (S&D),0.625
Libor ROUČEK,Czech Republic,S&D,Česká strana sociálně demokratická (S&D),0.625
Heide RÜHLE,Germany,Greens/EFA,Bündnis 90/Die Grünen (Greens/EFA),0.625
Marielle de SARNEZ,France,ALDE/ADLE,Mouvement Démocrate (ALDE/ADLE),0.625
David-Maria SASSOLI,Italy,S&D,Partito Democratico (S&D),0.625
Marietje SCHAAKE,Netherlands,ALDE/ADLE,Democraten 66 (ALDE/ADLE),0.625
Olle SCHMIDT,Sweden,ALDE/ADLE,Folkpartiet liberalerna (ALDE/ADLE),0.625
Helmut SCHOLZ,Germany,GUE-NGL,DIE LINKE. (GUE-NGL),0.625
Olga SEHNALOVÁ,Czech Republic,S&D,Česká strana sociálně demokratická (S&D),0.625
Monika SMOLKOVÁ,Slovakia,S&D,SMER-Sociálna demokracia (S&D),0.625
Søren Bo SØNDERGAARD,Denmark,GUE-NGL,Folkebevægelsen mod EU (GUE-NGL),0.625
Kerstin WESTPHAL,Germany,S&D,Sozialdemokratische Partei Deutschlands (S&D),0.625
Cecilia WIKSTRÖM,Sweden,ALDE/ADLE,Folkpartiet liberalerna (ALDE/ADLE),0.625
Boris ZALA,Slovakia,S&D,SMER-Sociálna demokracia (S&D),0.625
Andrea ZANONI,Italy,ALDE/ADLE,- (ALDE/ADLE),0.625
Jean-Jacob BICEP,France,Greens/EFA,Europe Écologie (Greens/EFA),0.625
Minodora CLIVETI,Romania,S&D,Partidul Social Democrat (S&D),0.625
Vincenzo IOVINE,Italy,S&D,Partito Democratico (S&D),0.625
Vojtěch MYNÁŘ,Czech Republic,S&D,Česká strana sociálně demokratická (S&D),0.625
Sophocles SOPHOCLEOUS,Cyprus,S&D,Movement for Social Democracy EDEK (S&D),0.625
Josefa ANDRÉS BAREA,Spain,S&D,Partido Socialista Obrero Español (S&D),0.75
Maria BADIA i CUTCHET,Spain,S&D,Partit dels Socialistes de Catalunya (S&D),0.75
Luigi BERLINGUER,Italy,S&D,Partito Democratico (S&D),0.75
Thijs BERMAN,Netherlands,S&D,Partij van de Arbeid (S&D),0.75
Sharon BOWLES,United Kingdom,ALDE/ADLE,Liberal Democrats Party (ALDE/ADLE),0.75
Udo BULLMANN,Germany,S&D,Sozialdemokratische Partei Deutschlands (S&D),0.75
Luis Manuel CAPOULAS SANTOS,Portugal,S&D,Partido Socialista (S&D),0.75
Michael CASHMAN,United Kingdom,S&D,Labour Party (S&D),0.75
Andrea COZZOLINO,Italy,S&D,Partito Democratico (S&D),0.75
Corina CREŢU,Romania,S&D,Partidul Social Democrat (S&D),0.75
Joseph CUSCHIERI,Malta,S&D,Partit Laburista (S&D),0.75
Spyros DANELLIS,Greece,S&D,Panhellenic Socialist Movement (S&D),0.75
Karima DELLI,France,Greens/EFA,Europe Écologie (Greens/EFA),0.75
Isabelle DURANT,Belgium,Greens/EFA,Ecologistes Confédérés pour l'Organisation de Luttes Originales (Greens/EFA),0.75
Ismail ERTUG,Germany,S&D,Sozialdemokratische Partei Deutschlands (S&D),0.75
Richard FALBR,Czech Republic,S&D,Česká strana sociálně demokratická (S&D),0.75
Elisa FERREIRA,Portugal,S&D,Partido Socialista (S&D),0.75
Hélène FLAUTRE,France,Greens/EFA,Europe Écologie (Greens/EFA),0.75
Knut FLECKENSTEIN,Germany,S&D,Sozialdemokratische Partei Deutschlands (S&D),0.75
Vicente Miguel GARCÉS RAMÓN,Spain,S&D,Partido Socialista Obrero Español (S&D),0.75
Jens GEIER,Germany,S&D,Sozialdemokratische Partei Deutschlands (S&D),0.75
Ana GOMES,Portugal,S&D,Partido Socialista (S&D),0.75
Roberto GUALTIERI,Italy,S&D,Partito Democratico (S&D),0.75
Stephen HUGHES,United Kingdom,S&D,Labour Party (S&D),0.75
María IRIGOYEN PÉREZ,Spain,S&D,Partido Socialista Obrero Español (S&D),0.75
Liisa JAAKONSAARI,Finland,S&D,Suomen Sosialidemokraattinen Puolue/Finlands Socialdemokratiska Parti (S&D),0.75
Jo LEINEN,Germany,S&D,Sozialdemokratische Partei Deutschlands (S&D),0.75
Corinne LEPAGE,France,ALDE/ADLE,Citoyenneté Action Participation pour le 21ème siècle (ALDE/ADLE),0.75
Juan Fernando LÓPEZ AGUILAR,Spain,S&D,Partido Socialista Obrero Español (S&D),0.75
Miguel Angel MARTÍNEZ MARTÍNEZ,Spain,S&D,Partido Socialista Obrero Español (S&D),0.75
Arlene McCARTHY,United Kingdom,S&D,Labour Party (S&D),0.75
Edward McMILLAN-SCOTT,United Kingdom,ALDE/ADLE,Liberal Democrats Party (ALDE/ADLE),0.75
Judith A. MERKIES,Netherlands,S&D,Partij van de Arbeid (S&D),0.75
Vital MOREIRA,Portugal,S&D,Partido Socialista (S&D),0.75
Ivari PADAR,Estonia,S&D,Sotsiaaldemokraatlik Erakond (S&D),0.75
Justas Vincas PALECKIS,Lithuania,S&D,Lietuvos socialdemokratų partija (S&D),0.75
Antigoni PAPADOPOULOU,Cyprus,S&D,Democratic Party (S&D),0.75
Marit PAULSEN,Sweden,ALDE/ADLE,Folkpartiet liberalerna (ALDE/ADLE),0.75
Pavel POC,Czech Republic,S&D,Česká strana sociálně demokratická (S&D),0.75
Robert ROCHEFORT,France,ALDE/ADLE,Mouvement Démocrate (ALDE/ADLE),0.75
Judith SARGENTINI,Netherlands,Greens/EFA,GroenLinks (Greens/EFA),0.75
Georgios STAVRAKAKIS,Greece,S&D,Panhellenic Socialist Movement (S&D),0.75
Daciana Octavia SÂRBU,Romania,S&D,Partidul Social Democrat (S&D),0.75
Marc TARABELLA,Belgium,S&D,Parti Socialiste (S&D),0.75
Rebecca TAYLOR,United Kingdom,ALDE/ADLE,Liberal Democrats Party (ALDE/ADLE),0.75
Helga TRÜPEL,Germany,Greens/EFA,Bündnis 90/Die Grünen (Greens/EFA),0.75
Marita ULVSKOG,Sweden,S&D,Arbetarepartiet- Socialdemokraterna (S&D),0.75
Sophia in 't VELD,Netherlands,ALDE/ADLE,Democraten 66 (ALDE/ADLE),0.75
Barbara WEILER,Germany,S&D,Sozialdemokratische Partei Deutschlands (S&D),0.75
Pino ARLACCHI,Italy,S&D,Partito Democratico (S&D),0.875
Zigmantas BALČYTIS,Lithuania,S&D,Lietuvos socialdemokratų partija (S&D),0.875
Catherine BEARDER,United Kingdom,ALDE/ADLE,Liberal Democrats Party (ALDE/ADLE),0.875
Jean-Luc BENNAHMIAS,France,ALDE/ADLE,Mouvement Démocrate (ALDE/ADLE),0.875
Vilija BLINKEVIČIŪTĖ,Lithuania,S&D,Lietuvos socialdemokratų partija (S&D),0.875
Emine BOZKURT,Netherlands,S&D,Partij van de Arbeid (S&D),0.875
Zuzana BRZOBOHATÁ,Czech Republic,S&D,Česká strana sociálně demokratická (S&D),0.875
Salvatore CARONNA,Italy,S&D,Partito Democratico (S&D),0.875
Yves COCHET,France,Greens/EFA,Europe Écologie (Greens/EFA),0.875
Sergio Gaetano COFFERATI,Italy,S&D,Partito Democratico (S&D),0.875
Emer COSTELLO,Ireland,S&D,Labour Party (S&D),0.875
Michael CRAMER,Germany,Greens/EFA,Bündnis 90/Die Grünen (Greens/EFA),0.875
Tarja CRONBERG,Finland,Greens/EFA,Vihreä liitto (Greens/EFA),0.875
Francesco DE ANGELIS,Italy,S&D,Partito Democratico (S&D),0.875
Véronique DE KEYSER,Belgium,S&D,Parti Socialiste (S&D),0.875
Leonardo DOMENICI,Italy,S&D,Partito Democratico (S&D),0.875
Saïd EL KHADRAOUI,Belgium,S&D,Socialistische Partij.Anders (S&D),0.875
Tanja FAJON,Slovenia,S&D,Socialni demokrati (S&D),0.875
Matthias GROOTE,Germany,S&D,Sozialdemokratische Partei Deutschlands (S&D),0.875
Enrique GUERRERO SALOM,Spain,S&D,Partido Socialista Obrero Español (S&D),0.875
Jutta HAUG,Germany,S&D,Sozialdemokratische Partei Deutschlands (S&D),0.875
Anna HEDH,Sweden,S&D,Arbetarepartiet- Socialdemokraterna (S&D),0.875
Richard HOWITT,United Kingdom,S&D,Labour Party (S&D),0.875
Eva JOLY,France,Greens/EFA,Europe Écologie (Greens/EFA),0.875
Petra KAMMEREVERT,Germany,S&D,Sozialdemokratische Partei Deutschlands (S&D),0.875
Mojca KLEVA KEKUŠ,Slovenia,S&D,Socialni demokrati (S&D),0.875
Constanze Angela KREHL,Germany,S&D,Sozialdemokratische Partei Deutschlands (S&D),0.875
Wolfgang KREISSL-DÖRFLER,Germany,S&D,Sozialdemokratische Partei Deutschlands (S&D),0.875
Sabine LÖSING,Germany,GUE-NGL,DIE LINKE. (GUE-NGL),0.875
Claude MORAES,United Kingdom,S&D,Labour Party (S&D),0.875
Paul MURPHY,Ireland,GUE-NGL,Socialist Party (GUE-NGL),0.875
Norbert NEUSER,Germany,S&D,Sozialdemokratische Partei Deutschlands (S&D),0.875
Raimon OBIOLS,Spain,S&D,Partit dels Socialistes de Catalunya (S&D),0.875
Pier Antonio PANZERI,Italy,S&D,Partito Democratico (S&D),0.875
Andrés PERELLÓ RODRÍGUEZ,Spain,S&D,Partido Socialista Obrero Español (S&D),0.875
Bernhard RAPKAY,Germany,S&D,Sozialdemokratische Partei Deutschlands (S&D),0.875
Ulrike RODUST,Germany,S&D,Sozialdemokratische Partei Deutschlands (S&D),0.875
Werner SCHULZ,Germany,Greens/EFA,Bündnis 90/Die Grünen (Greens/EFA),0.875
Adrian SEVERIN,Romania,NI,Partidul Social Democrat (NI),0.875
Peter SIMON,Germany,S&D,Sozialdemokratische Partei Deutschlands (S&D),0.875
Birgit SIPPEL,Germany,S&D,Sozialdemokratische Partei Deutschlands (S&D),0.875
Jutta STEINRUCK,Germany,S&D,Sozialdemokratische Partei Deutschlands (S&D),0.875
Sabine WILS,Germany,GUE-NGL,DIE LINKE. (GUE-NGL),0.875
Luis YÁÑEZ-BARNUEVO GARCÍA,Spain,S&D,Partido Socialista Obrero Español (S&D),0.875
Karim ZÉRIBI,France,Greens/EFA,Europe Écologie (Greens/EFA),0.875
Jan Philipp ALBRECHT,Germany,Greens/EFA,Bündnis 90/Die Grünen (Greens/EFA),1
Kriton ARSENIS,Greece,S&D,- (S&D),1
Margrete AUKEN,Denmark,Greens/EFA,Socialistisk Folkeparti (Greens/EFA),1
Malika BENARAB-ATTOU,France,Greens/EFA,Europe Écologie (Greens/EFA),1
José BOVÉ,France,Greens/EFA,Europe Écologie (Greens/EFA),1
Victor BOŞTINARU,Romania,S&D,Partidul Social Democrat (S&D),1
Sandrine BÉLIER,France,Greens/EFA,Europe Écologie (Greens/EFA),1
Reinhard BÜTIKOFER,Germany,Greens/EFA,Bündnis 90/Die Grünen (Greens/EFA),1
Nessa CHILDERS,Ireland,NI,Labour Party (NI),1
Ole CHRISTENSEN,Denmark,S&D,Socialdemokratiet (S&D),1
Nikos CHRYSOGELOS,Greece,Greens/EFA,Ecologist Greens (Greens/EFA),1
Daniel COHN-BENDIT,France,Greens/EFA,Europe Écologie (Greens/EFA),1
Marije CORNELISSEN,Netherlands,Greens/EFA,GroenLinks (Greens/EFA),1
Martin EHRENHAUSER,Austria,NI,- (NI),1
Bas EICKHOUT,Netherlands,Greens/EFA,GroenLinks (Greens/EFA),1
Christian ENGSTRÖM,Sweden,Greens/EFA,Piratpartiet (Greens/EFA),1
Sven GIEGOLD,Germany,Greens/EFA,Bündnis 90/Die Grünen (Greens/EFA),1
Catherine GRÈZE,France,Greens/EFA,Europe Écologie (Greens/EFA),1
Mikael GUSTAFSSON,Sweden,GUE-NGL,Vänsterpartiet (GUE-NGL),1
Rebecca HARMS,Germany,Greens/EFA,Bündnis 90/Die Grünen (Greens/EFA),1
Satu HASSI,Finland,Greens/EFA,Vihreä liitto (Greens/EFA),1
Mary HONEYBALL,United Kingdom,S&D,Labour Party (S&D),1
Gerald HÄFNER,Germany,Greens/EFA,Bündnis 90/Die Grünen (Greens/EFA),1
Martin HÄUSLING,Germany,Greens/EFA,Bündnis 90/Die Grünen (Greens/EFA),1
Yannick JADOT,France,Greens/EFA,Europe Écologie (Greens/EFA),1
Cornelis de JONG,Netherlands,GUE-NGL,Socialistische Partij (GUE-NGL),1
Dan JØRGENSEN,Denmark,S&D,Socialdemokratiet (S&D),1
Franziska KELLER,Germany,Greens/EFA,Bündnis 90/Die Grünen (Greens/EFA),1
Nicole KIIL-NIELSEN,France,Greens/EFA,Europe Écologie (Greens/EFA),1
Jean LAMBERT,United Kingdom,Greens/EFA,Green Party (Greens/EFA),1
Philippe LAMBERTS,Belgium,Greens/EFA,Ecologistes Confédérés pour l'Organisation de Luttes Originales (Greens/EFA),1
Eva LICHTENBERGER,Austria,Greens/EFA,Die Grünen - Die Grüne Alternative (Greens/EFA),1
Kartika Tamara LIOTARD,Netherlands,GUE-NGL,Onafhankelijk lid (GUE-NGL),1
Barbara LOCHBIHLER,Germany,Greens/EFA,Bündnis 90/Die Grünen (Greens/EFA),1
Ulrike LUNACEK,Austria,Greens/EFA,Die Grünen - Die Grüne Alternative (Greens/EFA),1
Isabella LÖVIN,Sweden,Greens/EFA,Miljöpartiet de gröna (Greens/EFA),1
David MARTIN,United Kingdom,S&D,Labour Party (S&D),1
Hans-Peter MARTIN,Austria,NI,"Liste ""Dr. Martin - für Demokratie, Kontrolle, Gerechtigkeit"" (NI)",1
Linda McAVAN,United Kingdom,S&D,Labour Party (S&D),1
Mitro REPO,Finland,S&D,Suomen Sosialidemokraattinen Puolue/Finlands Socialdemokratiska Parti (S&D),1
Michèle RIVASI,France,Greens/EFA,Europe Écologie (Greens/EFA),1
Raül ROMEVA i RUEDA,Spain,Greens/EFA,Iniciativa per Catalunya Verds (Greens/EFA),1
Christel SCHALDEMOSE,Denmark,S&D,Socialdemokratiet (S&D),1
Carl SCHLYTER,Sweden,Greens/EFA,Miljöpartiet de gröna (Greens/EFA),1
Elisabeth SCHROEDTER,Germany,Greens/EFA,Bündnis 90/Die Grünen (Greens/EFA),1
Brian SIMPSON,United Kingdom,S&D,Labour Party (S&D),1
Peter SKINNER,United Kingdom,S&D,Labour Party (S&D),1
Francisco SOSA WAGNER,Spain,NI,"Unión, Progreso y Democracia (NI)",1
Bart STAES,Belgium,Greens/EFA,Groen (Greens/EFA),1
Catherine STIHLER,United Kingdom,S&D,Labour Party (S&D),1
Indrek TARAND,Estonia,Greens/EFA,Sõltumatu (Greens/EFA),1
Rui TAVARES,Portugal,Greens/EFA,Independente (Greens/EFA),1
Keith TAYLOR,United Kingdom,Greens/EFA,Green Party (Greens/EFA),1
Britta THOMSEN,Denmark,S&D,Socialdemokratiet (S&D),1
Claude TURMES,Luxembourg,Greens/EFA,Déi Gréng - Les Verts (Greens/EFA),1
Emilie TURUNEN,Denmark,Greens/EFA,Socialdemokratiet (Greens/EFA),1
Kathleen VAN BREMPT,Belgium,S&D,Socialistische Partij.Anders (S&D),1
Derek VAUGHAN,United Kingdom,S&D,Labour Party (S&D),1
Angelika WERTHMANN,Austria,NI,- (NI),1
Glenis WILLMOTT,United Kingdom,S&D,Labour Party (S&D),1
Emilie TURUNEN,Denmark,S&D,Socialdemokratiet (S&D),1
Angelika WERTHMANN,Austria,ALDE/ADLE,- (ALDE/ADLE),1
